"module","module_content_number","multi_omics_num","include_genes","genes","include_metabolites","metabolites","include_pathways","pathways"
"Functional_module_1",21,3,TRUE,"A1BG/APOA1/CD63/CLU/GBA/ITGA2B/ITIH3/ITIH4/LBP/NAXE/PPBP/TIMP3",TRUE,"C00550",TRUE,"R-HSA-2168880/R-HSA-2173782/R-HSA-3000480/R-HSA-9707616/R-HSA-9711123/R-HSA-9755511/R-HSA-9759194/R-HSA-9818027"
"Functional_module_10",1,1,TRUE,"ACSL5",FALSE,NA,FALSE,NA
"Functional_module_100",2,2,TRUE,"THEM4",TRUE,"C01595",FALSE,NA
"Functional_module_101",1,1,FALSE,NA,TRUE,"C01620",FALSE,NA
"Functional_module_102",1,1,FALSE,NA,TRUE,"C02505",FALSE,NA
"Functional_module_103",1,1,FALSE,NA,TRUE,"C03958",FALSE,NA
"Functional_module_104",1,1,FALSE,NA,TRUE,"C05377",FALSE,NA
"Functional_module_105",1,1,FALSE,NA,TRUE,"C05469",FALSE,NA
"Functional_module_106",1,1,FALSE,NA,TRUE,"C05903",FALSE,NA
"Functional_module_107",1,1,FALSE,NA,TRUE,"C05963",FALSE,NA
"Functional_module_108",1,1,FALSE,NA,TRUE,"C06984",FALSE,NA
"Functional_module_109",1,1,FALSE,NA,TRUE,"C07839",FALSE,NA
"Functional_module_11",1,1,TRUE,"ACVR1",FALSE,NA,FALSE,NA
"Functional_module_110",1,1,FALSE,NA,TRUE,"C10447",FALSE,NA
"Functional_module_111",1,1,FALSE,NA,TRUE,"C10478",FALSE,NA
"Functional_module_112",1,1,TRUE,"C10H20orf27",FALSE,NA,FALSE,NA
"Functional_module_113",1,1,FALSE,NA,TRUE,"C11924",FALSE,NA
"Functional_module_114",1,1,FALSE,NA,TRUE,"C13008",FALSE,NA
"Functional_module_115",1,1,FALSE,NA,TRUE,"C14291",FALSE,NA
"Functional_module_116",1,1,TRUE,"C14H11orf52",FALSE,NA,FALSE,NA
"Functional_module_117",1,1,TRUE,"C15H9orf64",FALSE,NA,FALSE,NA
"Functional_module_118",1,1,FALSE,NA,TRUE,"C16038",FALSE,NA
"Functional_module_119",1,1,TRUE,"C16H17orf49",FALSE,NA,FALSE,NA
"Functional_module_12",4,1,TRUE,"ACVR1B/BAMBI/NEO1/WNT7A",FALSE,NA,FALSE,NA
"Functional_module_120",1,1,TRUE,"C16orf7",FALSE,NA,FALSE,NA
"Functional_module_121",1,1,TRUE,"C1H1orf159",FALSE,NA,FALSE,NA
"Functional_module_122",1,1,TRUE,"C1orf216",FALSE,NA,FALSE,NA
"Functional_module_123",1,1,TRUE,"C3orf78",FALSE,NA,FALSE,NA
"Functional_module_124",1,1,TRUE,"C6orf106",FALSE,NA,FALSE,NA
"Functional_module_125",1,1,TRUE,"C6orf125",FALSE,NA,FALSE,NA
"Functional_module_126",1,1,TRUE,"C8orf82",FALSE,NA,FALSE,NA
"Functional_module_127",1,1,TRUE,"C9orf16",FALSE,NA,FALSE,NA
"Functional_module_128",1,1,TRUE,"CA1",FALSE,NA,FALSE,NA
"Functional_module_129",1,1,TRUE,"CA11",FALSE,NA,FALSE,NA
"Functional_module_13",1,1,TRUE,"ADAM22",FALSE,NA,FALSE,NA
"Functional_module_130",1,1,TRUE,"CACNA1B",FALSE,NA,FALSE,NA
"Functional_module_131",1,1,TRUE,"CADM3",FALSE,NA,FALSE,NA
"Functional_module_132",1,1,TRUE,"CALHM6",FALSE,NA,FALSE,NA
"Functional_module_133",1,1,TRUE,"CAMKK2",FALSE,NA,FALSE,NA
"Functional_module_134",3,1,TRUE,"CANT1/GUK1/NUDT16",FALSE,NA,FALSE,NA
"Functional_module_135",1,1,TRUE,"CAPN10",FALSE,NA,FALSE,NA
"Functional_module_136",1,1,TRUE,"CBX7",FALSE,NA,FALSE,NA
"Functional_module_137",1,1,TRUE,"CBY1",FALSE,NA,FALSE,NA
"Functional_module_138",1,1,TRUE,"CCDC186",FALSE,NA,FALSE,NA
"Functional_module_139",1,1,TRUE,"CCDC3",FALSE,NA,FALSE,NA
"Functional_module_14",1,1,TRUE,"ADAMTSL5",FALSE,NA,FALSE,NA
"Functional_module_140",1,1,TRUE,"CCDC30",FALSE,NA,FALSE,NA
"Functional_module_141",1,1,TRUE,"CCDC51",FALSE,NA,FALSE,NA
"Functional_module_142",1,1,TRUE,"CCDC73",FALSE,NA,FALSE,NA
"Functional_module_143",1,1,TRUE,"CCDC92",FALSE,NA,FALSE,NA
"Functional_module_144",1,1,TRUE,"CCNJL",FALSE,NA,FALSE,NA
"Functional_module_145",14,1,TRUE,"CD244/CDK5/EFNA5/EFNB1/IGF2R/LCP2/MED31/MRPL39/POLR1C/PPARGC1B/PPP1R26/PRDM16/ROBO1/SORT1",FALSE,NA,FALSE,NA
"Functional_module_146",1,1,TRUE,"CD300A",FALSE,NA,FALSE,NA
"Functional_module_147",1,1,TRUE,"CD5L",FALSE,NA,FALSE,NA
"Functional_module_148",1,1,TRUE,"CD99L2",FALSE,NA,FALSE,NA
"Functional_module_149",1,1,TRUE,"CDC34",FALSE,NA,FALSE,NA
"Functional_module_15",1,1,TRUE,"ADGRA2",FALSE,NA,FALSE,NA
"Functional_module_150",1,1,TRUE,"CDH20",FALSE,NA,FALSE,NA
"Functional_module_151",1,1,TRUE,"CDK5RAP3",FALSE,NA,FALSE,NA
"Functional_module_152",10,1,TRUE,"CEL/COX7A1/COX7A2/COX7A2L/MGLL/NDUFA10/NDUFS2/NDUFS6/TRIR/UQCRQ",FALSE,NA,FALSE,NA
"Functional_module_153",1,1,TRUE,"CES1",FALSE,NA,FALSE,NA
"Functional_module_154",1,1,TRUE,"CHCHD6",FALSE,NA,FALSE,NA
"Functional_module_155",4,1,TRUE,"CHMP2A/STAM/VPS25/VPS37C",FALSE,NA,FALSE,NA
"Functional_module_156",1,1,TRUE,"CHN2",FALSE,NA,FALSE,NA
"Functional_module_157",1,1,TRUE,"CIAO1",FALSE,NA,FALSE,NA
"Functional_module_158",5,2,TRUE,"CIB1/GPIbA/TLN2",FALSE,NA,TRUE,"R-HSA-425407/R-HSA-5579029"
"Functional_module_159",2,1,TRUE,"CISH/ZER1",FALSE,NA,FALSE,NA
"Functional_module_16",1,1,TRUE,"ADGRB3",FALSE,NA,FALSE,NA
"Functional_module_160",1,1,TRUE,"CIT",FALSE,NA,FALSE,NA
"Functional_module_161",1,1,TRUE,"CIZ1",FALSE,NA,FALSE,NA
"Functional_module_162",1,1,TRUE,"CKLF",FALSE,NA,FALSE,NA
"Functional_module_163",1,1,TRUE,"CLBA1",FALSE,NA,FALSE,NA
"Functional_module_164",1,1,TRUE,"CLCN5",FALSE,NA,FALSE,NA
"Functional_module_165",1,1,TRUE,"CLMN",FALSE,NA,FALSE,NA
"Functional_module_166",1,1,TRUE,"CLN6",FALSE,NA,FALSE,NA
"Functional_module_167",1,1,TRUE,"CLPTM1L",FALSE,NA,FALSE,NA
"Functional_module_168",1,1,TRUE,"CLUH",FALSE,NA,FALSE,NA
"Functional_module_169",1,1,TRUE,"CMAS",FALSE,NA,FALSE,NA
"Functional_module_17",1,1,TRUE,"ADGRG1",FALSE,NA,FALSE,NA
"Functional_module_170",1,1,TRUE,"CMIP",FALSE,NA,FALSE,NA
"Functional_module_171",1,1,TRUE,"CNDP1",FALSE,NA,FALSE,NA
"Functional_module_172",1,1,TRUE,"CNDP2",FALSE,NA,FALSE,NA
"Functional_module_173",1,1,TRUE,"CNPPD1",FALSE,NA,FALSE,NA
"Functional_module_174",1,1,TRUE,"CNRIP1",FALSE,NA,FALSE,NA
"Functional_module_175",1,1,TRUE,"CNTN1",FALSE,NA,FALSE,NA
"Functional_module_176",1,1,TRUE,"COBL",FALSE,NA,FALSE,NA
"Functional_module_177",1,1,TRUE,"COL16A1",FALSE,NA,FALSE,NA
"Functional_module_178",1,1,TRUE,"COL4A1",FALSE,NA,FALSE,NA
"Functional_module_179",1,1,TRUE,"COL4A2",FALSE,NA,FALSE,NA
"Functional_module_18",2,1,TRUE,"ADRA2A/EDNRA",FALSE,NA,FALSE,NA
"Functional_module_180",1,1,TRUE,"COL5A3",FALSE,NA,FALSE,NA
"Functional_module_181",1,1,TRUE,"COPS7A",FALSE,NA,FALSE,NA
"Functional_module_182",1,1,TRUE,"CORO2A",FALSE,NA,FALSE,NA
"Functional_module_183",2,1,TRUE,"CP/TFR2",FALSE,NA,FALSE,NA
"Functional_module_184",1,1,TRUE,"CPZ",FALSE,NA,FALSE,NA
"Functional_module_185",1,1,TRUE,"CST3",FALSE,NA,FALSE,NA
"Functional_module_186",1,1,TRUE,"CSTB",FALSE,NA,FALSE,NA
"Functional_module_187",1,1,TRUE,"CSTL1",FALSE,NA,FALSE,NA
"Functional_module_188",1,1,TRUE,"CTNND2",FALSE,NA,FALSE,NA
"Functional_module_189",1,1,TRUE,"CTTNBP2",FALSE,NA,FALSE,NA
"Functional_module_19",1,1,TRUE,"AFAP1L2",FALSE,NA,FALSE,NA
"Functional_module_190",1,1,TRUE,"CUEDC1",FALSE,NA,FALSE,NA
"Functional_module_191",1,1,TRUE,"CYB561",FALSE,NA,FALSE,NA
"Functional_module_192",1,1,TRUE,"CYB5R2",FALSE,NA,FALSE,NA
"Functional_module_193",1,1,TRUE,"CYB5R4",FALSE,NA,FALSE,NA
"Functional_module_194",1,1,TRUE,"CYBA",FALSE,NA,FALSE,NA
"Functional_module_195",1,1,TRUE,"CYGB",FALSE,NA,FALSE,NA
"Functional_module_196",1,1,TRUE,"CYSTM1",FALSE,NA,FALSE,NA
"Functional_module_197",1,1,TRUE,"CYTH3",FALSE,NA,FALSE,NA
"Functional_module_198",2,1,TRUE,"DAB2IP/TRADD",FALSE,NA,FALSE,NA
"Functional_module_199",1,1,TRUE,"DAPK3",FALSE,NA,FALSE,NA
"Functional_module_2",35,2,TRUE,"ABCD2/ACAA1/ACSS2/ACTN3/AKT1/ALDH1L1/ALDH1L2/AMACR/BDH2/CDADC1/CRAT/CYP27A1/CYP4F12/DDO/ECI1/ECI2/ETFB/FUT1/GLUL/GNPDA1/GOT1/GPT2/HAAO/HAGH/MCAT/NPL/NQO2/PEX7/PFKP/PLA2G15/RENBP/SDSL/UPP1",FALSE,NA,TRUE,"GO:0043204/GO:0099572"
"Functional_module_20",1,1,TRUE,"AGFG2",FALSE,NA,FALSE,NA
"Functional_module_200",1,1,TRUE,"DBN1",FALSE,NA,FALSE,NA
"Functional_module_201",1,1,TRUE,"DBNDD2",FALSE,NA,FALSE,NA
"Functional_module_202",1,1,TRUE,"DBR1",FALSE,NA,FALSE,NA
"Functional_module_203",1,1,TRUE,"DCLK2",FALSE,NA,FALSE,NA
"Functional_module_204",4,1,TRUE,"DDA1/ESRRA/MED11/POLR2F",FALSE,NA,FALSE,NA
"Functional_module_205",1,1,TRUE,"DDOST",FALSE,NA,FALSE,NA
"Functional_module_206",1,1,TRUE,"DENND1A",FALSE,NA,FALSE,NA
"Functional_module_207",1,1,TRUE,"DENND2B",FALSE,NA,FALSE,NA
"Functional_module_208",1,1,TRUE,"DGCR2",FALSE,NA,FALSE,NA
"Functional_module_209",1,1,TRUE,"DHPS",FALSE,NA,FALSE,NA
"Functional_module_21",2,1,TRUE,"AGT/GNA11",FALSE,NA,FALSE,NA
"Functional_module_210",1,1,TRUE,"DHRS3",FALSE,NA,FALSE,NA
"Functional_module_211",1,1,TRUE,"DHRS7",FALSE,NA,FALSE,NA
"Functional_module_212",1,1,TRUE,"DIO2",FALSE,NA,FALSE,NA
"Functional_module_213",1,1,TRUE,"DLG2",FALSE,NA,FALSE,NA
"Functional_module_214",1,1,TRUE,"DMAC2L",FALSE,NA,FALSE,NA
"Functional_module_215",1,1,TRUE,"DMAP1",FALSE,NA,FALSE,NA
"Functional_module_216",1,1,TRUE,"DNAJC5",FALSE,NA,FALSE,NA
"Functional_module_217",1,1,TRUE,"DNAJC6",FALSE,NA,FALSE,NA
"Functional_module_218",1,1,TRUE,"DNAL4",FALSE,NA,FALSE,NA
"Functional_module_219",1,1,TRUE,"DNASE2B",FALSE,NA,FALSE,NA
"Functional_module_22",1,1,TRUE,"AIFM2",FALSE,NA,FALSE,NA
"Functional_module_220",1,1,TRUE,"DNPEP",FALSE,NA,FALSE,NA
"Functional_module_221",1,1,TRUE,"DOK4",FALSE,NA,FALSE,NA
"Functional_module_222",1,1,TRUE,"DPH2",FALSE,NA,FALSE,NA
"Functional_module_223",1,1,TRUE,"DPP9",FALSE,NA,FALSE,NA
"Functional_module_224",1,1,TRUE,"DRAP1",FALSE,NA,FALSE,NA
"Functional_module_225",1,1,TRUE,"DTD1",FALSE,NA,FALSE,NA
"Functional_module_226",1,1,TRUE,"DTNB",FALSE,NA,FALSE,NA
"Functional_module_227",1,1,TRUE,"DUSP23",FALSE,NA,FALSE,NA
"Functional_module_228",1,1,TRUE,"EEF1AKMT1",FALSE,NA,FALSE,NA
"Functional_module_229",1,1,TRUE,"EGK_00472",FALSE,NA,FALSE,NA
"Functional_module_23",4,2,TRUE,"AK1/ME1/ME3",TRUE,"C00074",FALSE,NA
"Functional_module_230",1,1,TRUE,"EGK_01871",FALSE,NA,FALSE,NA
"Functional_module_231",1,1,TRUE,"EGK_02795",FALSE,NA,FALSE,NA
"Functional_module_232",1,1,TRUE,"EGK_03533",FALSE,NA,FALSE,NA
"Functional_module_233",1,1,TRUE,"EGK_04223",FALSE,NA,FALSE,NA
"Functional_module_234",1,1,TRUE,"EGK_04742",FALSE,NA,FALSE,NA
"Functional_module_235",1,1,TRUE,"EGK_04825",FALSE,NA,FALSE,NA
"Functional_module_236",1,1,TRUE,"EGK_06583",FALSE,NA,FALSE,NA
"Functional_module_237",1,1,TRUE,"EGK_08523",FALSE,NA,FALSE,NA
"Functional_module_238",1,1,TRUE,"EGK_08838",FALSE,NA,FALSE,NA
"Functional_module_239",1,1,TRUE,"EGK_11564",FALSE,NA,FALSE,NA
"Functional_module_24",1,1,TRUE,"AKR1C1",FALSE,NA,FALSE,NA
"Functional_module_240",1,1,TRUE,"EGK_11796",FALSE,NA,FALSE,NA
"Functional_module_241",1,1,TRUE,"EGK_12234",FALSE,NA,FALSE,NA
"Functional_module_242",1,1,TRUE,"EGK_12331",FALSE,NA,FALSE,NA
"Functional_module_243",1,1,TRUE,"EGK_12722",FALSE,NA,FALSE,NA
"Functional_module_244",1,1,TRUE,"EGK_13191",FALSE,NA,FALSE,NA
"Functional_module_245",1,1,TRUE,"EGK_15403",FALSE,NA,FALSE,NA
"Functional_module_246",1,1,TRUE,"EGK_17670",FALSE,NA,FALSE,NA
"Functional_module_247",1,1,TRUE,"EGK_18054",FALSE,NA,FALSE,NA
"Functional_module_248",1,1,TRUE,"EGK_19091",FALSE,NA,FALSE,NA
"Functional_module_249",1,1,TRUE,"EGK_19417",FALSE,NA,FALSE,NA
"Functional_module_25",4,1,TRUE,"ALAD/FECH/UROD/UROS",FALSE,NA,FALSE,NA
"Functional_module_250",1,1,TRUE,"EGK_20229",FALSE,NA,FALSE,NA
"Functional_module_251",1,1,TRUE,"EGK_21395",FALSE,NA,FALSE,NA
"Functional_module_252",1,1,TRUE,"EIF2AK2",FALSE,NA,FALSE,NA
"Functional_module_253",1,1,TRUE,"EIPR1",FALSE,NA,FALSE,NA
"Functional_module_254",1,1,TRUE,"ELOC",FALSE,NA,FALSE,NA
"Functional_module_255",1,1,TRUE,"ENGASE",FALSE,NA,FALSE,NA
"Functional_module_256",1,1,TRUE,"ENKD1",FALSE,NA,FALSE,NA
"Functional_module_257",1,1,TRUE,"ENPP7",FALSE,NA,FALSE,NA
"Functional_module_258",1,1,TRUE,"EOGT",FALSE,NA,FALSE,NA
"Functional_module_259",1,1,TRUE,"EPB41L3",FALSE,NA,FALSE,NA
"Functional_module_26",1,1,TRUE,"ALDH1A1",FALSE,NA,FALSE,NA
"Functional_module_260",1,1,TRUE,"EPB41L5",FALSE,NA,FALSE,NA
"Functional_module_261",1,1,TRUE,"ERCC8",FALSE,NA,FALSE,NA
"Functional_module_262",1,1,TRUE,"ERG28",FALSE,NA,FALSE,NA
"Functional_module_263",1,1,TRUE,"ERGIC3",FALSE,NA,FALSE,NA
"Functional_module_264",1,1,TRUE,"ESPN",FALSE,NA,FALSE,NA
"Functional_module_265",1,1,TRUE,"ETV7",FALSE,NA,FALSE,NA
"Functional_module_266",1,1,TRUE,"EVA1A",FALSE,NA,FALSE,NA
"Functional_module_267",1,1,TRUE,"EXD3",FALSE,NA,FALSE,NA
"Functional_module_268",1,1,TRUE,"EXOC7",FALSE,NA,FALSE,NA
"Functional_module_269",1,1,TRUE,"EXTL1",FALSE,NA,FALSE,NA
"Functional_module_27",10,2,TRUE,"ALOX15/ALOX5AP/PISD/PLA1A/PLAAT3/PLD1/PLD3",TRUE,"C00416/C06426/C06428",FALSE,NA
"Functional_module_270",1,1,TRUE,"EXTL3",FALSE,NA,FALSE,NA
"Functional_module_271",1,1,TRUE,"FAM189A1",FALSE,NA,FALSE,NA
"Functional_module_272",1,1,TRUE,"FAM234A",FALSE,NA,FALSE,NA
"Functional_module_273",1,1,TRUE,"FAM50B",FALSE,NA,FALSE,NA
"Functional_module_274",1,1,TRUE,"FAM83G",FALSE,NA,FALSE,NA
"Functional_module_275",1,1,TRUE,"FARP1",FALSE,NA,FALSE,NA
"Functional_module_276",1,1,TRUE,"FBLIM1",FALSE,NA,FALSE,NA
"Functional_module_277",1,1,TRUE,"FBXL15",FALSE,NA,FALSE,NA
"Functional_module_278",1,1,TRUE,"FBXL6",FALSE,NA,FALSE,NA
"Functional_module_279",1,1,TRUE,"FBXO41",FALSE,NA,FALSE,NA
"Functional_module_28",25,1,TRUE,"ALOX5/APCS/B4GALT1/C3/C5/C8A/C9/DGKZ/DMTN/ENPP4/F13A1/F2/HBB/HMOX1/MASP2/PF4/PRDX2/RAF1/RAP2B/SELP/SERPINA1/SERPING1/SLC4A1/TMEM97/VTN",FALSE,NA,FALSE,NA
"Functional_module_280",1,1,TRUE,"FBXO44",FALSE,NA,FALSE,NA
"Functional_module_281",1,1,TRUE,"FBXO6",FALSE,NA,FALSE,NA
"Functional_module_282",1,1,TRUE,"FCRL6",FALSE,NA,FALSE,NA
"Functional_module_283",1,1,TRUE,"FHAD1",FALSE,NA,FALSE,NA
"Functional_module_284",1,1,TRUE,"FHOD1",FALSE,NA,FALSE,NA
"Functional_module_285",1,1,TRUE,"FIBP",FALSE,NA,FALSE,NA
"Functional_module_286",1,1,TRUE,"FLOT1",FALSE,NA,FALSE,NA
"Functional_module_287",1,1,TRUE,"FLYWCH1",FALSE,NA,FALSE,NA
"Functional_module_288",1,1,TRUE,"FMN1",FALSE,NA,FALSE,NA
"Functional_module_289",1,1,TRUE,"FMN2",FALSE,NA,FALSE,NA
"Functional_module_29",1,1,TRUE,"AMIGO3",FALSE,NA,FALSE,NA
"Functional_module_290",1,1,TRUE,"FMO3",FALSE,NA,FALSE,NA
"Functional_module_291",1,1,TRUE,"FN3K",FALSE,NA,FALSE,NA
"Functional_module_292",1,1,TRUE,"FNDC4",FALSE,NA,FALSE,NA
"Functional_module_293",1,1,TRUE,"FOXD1",FALSE,NA,FALSE,NA
"Functional_module_294",1,1,TRUE,"FRAS1",FALSE,NA,FALSE,NA
"Functional_module_295",1,1,TRUE,"FRMD5",FALSE,NA,FALSE,NA
"Functional_module_296",1,1,TRUE,"FRY",FALSE,NA,FALSE,NA
"Functional_module_297",1,1,TRUE,"FUZ",FALSE,NA,FALSE,NA
"Functional_module_298",1,1,TRUE,"FYN",FALSE,NA,FALSE,NA
"Functional_module_299",1,1,TRUE,"FZD7",FALSE,NA,FALSE,NA
"Functional_module_3",1,1,TRUE,"ABHD16A",FALSE,NA,FALSE,NA
"Functional_module_30",1,1,TRUE,"ANAPC13",FALSE,NA,FALSE,NA
"Functional_module_300",4,1,TRUE,"G6PD/NADK/PGD/TALDO1",FALSE,NA,FALSE,NA
"Functional_module_301",1,1,TRUE,"GABRD",FALSE,NA,FALSE,NA
"Functional_module_302",1,1,TRUE,"GADD45A",FALSE,NA,FALSE,NA
"Functional_module_303",1,1,TRUE,"GALK2",FALSE,NA,FALSE,NA
"Functional_module_304",2,1,TRUE,"GALNT16/GALNT3",FALSE,NA,FALSE,NA
"Functional_module_305",1,1,TRUE,"GAMT",FALSE,NA,FALSE,NA
"Functional_module_306",1,1,TRUE,"GAS2L1",FALSE,NA,FALSE,NA
"Functional_module_307",1,1,TRUE,"GAS6",FALSE,NA,FALSE,NA
"Functional_module_308",1,1,TRUE,"GAS7",FALSE,NA,FALSE,NA
"Functional_module_309",1,1,TRUE,"GAS8",FALSE,NA,FALSE,NA
"Functional_module_31",5,1,TRUE,"ANK1/EPB42/RHCE/SPTA1/SPTB",FALSE,NA,FALSE,NA
"Functional_module_310",1,1,TRUE,"GBP2",FALSE,NA,FALSE,NA
"Functional_module_311",1,1,TRUE,"GCLC",FALSE,NA,FALSE,NA
"Functional_module_312",1,1,TRUE,"GCNT1",FALSE,NA,FALSE,NA
"Functional_module_313",1,1,TRUE,"GET4",FALSE,NA,FALSE,NA
"Functional_module_314",1,1,TRUE,"GFI1",FALSE,NA,FALSE,NA
"Functional_module_315",3,1,TRUE,"GGA1/GRN/NTRK2",FALSE,NA,FALSE,NA
"Functional_module_316",1,1,TRUE,"GHDC",FALSE,NA,FALSE,NA
"Functional_module_317",1,1,TRUE,"GIGYF1",FALSE,NA,FALSE,NA
"Functional_module_318",1,1,TRUE,"GIMAP4",FALSE,NA,FALSE,NA
"Functional_module_319",1,1,TRUE,"GIPC1",FALSE,NA,FALSE,NA
"Functional_module_32",1,1,TRUE,"ANKRD22",FALSE,NA,FALSE,NA
"Functional_module_320",1,1,TRUE,"GIPC2",FALSE,NA,FALSE,NA
"Functional_module_321",1,1,TRUE,"GJD3",FALSE,NA,FALSE,NA
"Functional_module_322",1,1,TRUE,"GLIPR2",FALSE,NA,FALSE,NA
"Functional_module_323",1,1,TRUE,"GLRX",FALSE,NA,FALSE,NA
"Functional_module_324",1,1,TRUE,"GNG5",FALSE,NA,FALSE,NA
"Functional_module_325",1,1,TRUE,"GNPTG",FALSE,NA,FALSE,NA
"Functional_module_326",1,1,TRUE,"GOLM1",FALSE,NA,FALSE,NA
"Functional_module_327",1,1,TRUE,"GOSR2",FALSE,NA,FALSE,NA
"Functional_module_328",1,1,TRUE,"GPD2",FALSE,NA,FALSE,NA
"Functional_module_329",1,1,TRUE,"GPR153",FALSE,NA,FALSE,NA
"Functional_module_33",1,1,TRUE,"ANO10",FALSE,NA,FALSE,NA
"Functional_module_330",1,1,TRUE,"GPR68",FALSE,NA,FALSE,NA
"Functional_module_331",1,1,TRUE,"GPR85",FALSE,NA,FALSE,NA
"Functional_module_332",1,1,TRUE,"GRB10",FALSE,NA,FALSE,NA
"Functional_module_333",1,1,TRUE,"GRIN2C",FALSE,NA,FALSE,NA
"Functional_module_334",1,1,TRUE,"GRTP1",FALSE,NA,FALSE,NA
"Functional_module_335",1,1,TRUE,"GSDMD",FALSE,NA,FALSE,NA
"Functional_module_336",1,1,TRUE,"GSTM2",FALSE,NA,FALSE,NA
"Functional_module_337",1,1,TRUE,"GSTO1",FALSE,NA,FALSE,NA
"Functional_module_338",1,1,TRUE,"GSTP1",FALSE,NA,FALSE,NA
"Functional_module_339",1,1,TRUE,"HABP4",FALSE,NA,FALSE,NA
"Functional_module_34",1,1,TRUE,"ANXA3",FALSE,NA,FALSE,NA
"Functional_module_340",1,1,TRUE,"HARBI1",FALSE,NA,FALSE,NA
"Functional_module_341",3,1,TRUE,"HBA/SCN1B/SCN9A",FALSE,NA,FALSE,NA
"Functional_module_342",1,1,TRUE,"HBA1",FALSE,NA,FALSE,NA
"Functional_module_343",1,1,TRUE,"HBG",FALSE,NA,FALSE,NA
"Functional_module_344",1,1,TRUE,"HCN3",FALSE,NA,FALSE,NA
"Functional_module_345",1,1,TRUE,"HDAC11",FALSE,NA,FALSE,NA
"Functional_module_346",1,1,TRUE,"HDAC5",FALSE,NA,FALSE,NA
"Functional_module_347",1,1,TRUE,"HDGFL3",FALSE,NA,FALSE,NA
"Functional_module_348",1,1,TRUE,"HEXD",FALSE,NA,FALSE,NA
"Functional_module_349",1,1,TRUE,"HHAT",FALSE,NA,FALSE,NA
"Functional_module_35",1,1,TRUE,"ANXA4",FALSE,NA,FALSE,NA
"Functional_module_350",1,1,TRUE,"HID1",FALSE,NA,FALSE,NA
"Functional_module_351",1,1,TRUE,"HINT2",FALSE,NA,FALSE,NA
"Functional_module_352",1,1,TRUE,"HIPK2",FALSE,NA,FALSE,NA
"Functional_module_353",1,1,TRUE,"HOPX",FALSE,NA,FALSE,NA
"Functional_module_354",1,1,TRUE,"HPCAL1",FALSE,NA,FALSE,NA
"Functional_module_355",1,1,TRUE,"HPRT1",FALSE,NA,FALSE,NA
"Functional_module_356",1,1,TRUE,"HPX",FALSE,NA,FALSE,NA
"Functional_module_357",1,1,TRUE,"HS6ST1",FALSE,NA,FALSE,NA
"Functional_module_358",1,1,TRUE,"HSD17B14",FALSE,NA,FALSE,NA
"Functional_module_359",1,1,TRUE,"HTRA1",FALSE,NA,FALSE,NA
"Functional_module_36",7,1,TRUE,"AP1G2/AP1S1/AP2A2/AP2M1/AP5B1/AP5S1/NCALD",FALSE,NA,FALSE,NA
"Functional_module_360",1,1,TRUE,"ICA1",FALSE,NA,FALSE,NA
"Functional_module_361",13,2,TRUE,"IDH1/IDH3B/MVK/PEX11B/PEX11G/PEX26/PMVK/PRDX5",FALSE,NA,TRUE,"GO:0005777/GO:0005782/GO:0042579/GO:0072562/hsa04146"
"Functional_module_362",1,1,TRUE,"IDS",FALSE,NA,FALSE,NA
"Functional_module_363",1,1,TRUE,"IGKC",FALSE,NA,FALSE,NA
"Functional_module_364",1,1,TRUE,"IGSF1",FALSE,NA,FALSE,NA
"Functional_module_365",1,1,TRUE,"IL17RC",FALSE,NA,FALSE,NA
"Functional_module_366",1,1,TRUE,"IL18BP",FALSE,NA,FALSE,NA
"Functional_module_367",1,1,TRUE,"INF2",FALSE,NA,FALSE,NA
"Functional_module_368",2,1,TRUE,"INPP4A/INPP5J",FALSE,NA,FALSE,NA
"Functional_module_369",1,1,TRUE,"INTS9",FALSE,NA,FALSE,NA
"Functional_module_37",2,1,TRUE,"APC2/NKD1",FALSE,NA,FALSE,NA
"Functional_module_370",1,1,TRUE,"IQCE",FALSE,NA,FALSE,NA
"Functional_module_371",1,1,TRUE,"IQSEC1",FALSE,NA,FALSE,NA
"Functional_module_372",1,1,TRUE,"ISCU",FALSE,NA,FALSE,NA
"Functional_module_373",1,1,TRUE,"ISM1",FALSE,NA,FALSE,NA
"Functional_module_374",1,1,TRUE,"ISOC2",FALSE,NA,FALSE,NA
"Functional_module_375",1,1,TRUE,"ITPK1",FALSE,NA,FALSE,NA
"Functional_module_376",1,1,TRUE,"ITPRID2",FALSE,NA,FALSE,NA
"Functional_module_377",1,1,TRUE,"JAKMIP2",FALSE,NA,FALSE,NA
"Functional_module_378",1,1,TRUE,"JOSD2",FALSE,NA,FALSE,NA
"Functional_module_379",1,1,TRUE,"KAZN",FALSE,NA,FALSE,NA
"Functional_module_38",1,1,TRUE,"APEH",FALSE,NA,FALSE,NA
"Functional_module_380",1,1,TRUE,"KCND3",FALSE,NA,FALSE,NA
"Functional_module_381",1,1,TRUE,"KCNH2",FALSE,NA,FALSE,NA
"Functional_module_382",1,1,TRUE,"KCNH6",FALSE,NA,FALSE,NA
"Functional_module_383",1,1,TRUE,"KCNIP2",FALSE,NA,FALSE,NA
"Functional_module_384",1,1,TRUE,"KCNJ12",FALSE,NA,FALSE,NA
"Functional_module_385",1,1,TRUE,"KCNK13",FALSE,NA,FALSE,NA
"Functional_module_386",1,1,TRUE,"KCNK5",FALSE,NA,FALSE,NA
"Functional_module_387",1,1,TRUE,"KCNK6",FALSE,NA,FALSE,NA
"Functional_module_388",1,1,TRUE,"KCNMA1",FALSE,NA,FALSE,NA
"Functional_module_389",1,1,TRUE,"KCP",FALSE,NA,FALSE,NA
"Functional_module_39",1,1,TRUE,"APOL2",FALSE,NA,FALSE,NA
"Functional_module_390",1,1,TRUE,"KCTD2",FALSE,NA,FALSE,NA
"Functional_module_391",1,1,TRUE,"KIAA0408",FALSE,NA,FALSE,NA
"Functional_module_392",1,1,TRUE,"KIAA1324L",FALSE,NA,FALSE,NA
"Functional_module_393",1,1,TRUE,"KIAA2013",FALSE,NA,FALSE,NA
"Functional_module_394",1,1,TRUE,"KIF13B",FALSE,NA,FALSE,NA
"Functional_module_395",1,1,TRUE,"KIF1C",FALSE,NA,FALSE,NA
"Functional_module_396",1,1,TRUE,"KIF26B",FALSE,NA,FALSE,NA
"Functional_module_397",1,1,TRUE,"KIFC3",FALSE,NA,FALSE,NA
"Functional_module_398",1,1,TRUE,"KLHDC9",FALSE,NA,FALSE,NA
"Functional_module_399",1,1,TRUE,"KLHL29",FALSE,NA,FALSE,NA
"Functional_module_4",1,1,TRUE,"ABHD4",FALSE,NA,FALSE,NA
"Functional_module_40",1,1,TRUE,"APOL4",FALSE,NA,FALSE,NA
"Functional_module_400",1,1,TRUE,"LACTB",FALSE,NA,FALSE,NA
"Functional_module_401",1,1,TRUE,"LAG3",FALSE,NA,FALSE,NA
"Functional_module_402",1,1,TRUE,"LAMTOR1",FALSE,NA,FALSE,NA
"Functional_module_403",1,1,TRUE,"LAPTM4B",FALSE,NA,FALSE,NA
"Functional_module_404",1,1,TRUE,"LARGE1",FALSE,NA,FALSE,NA
"Functional_module_405",1,1,TRUE,"LARP6",FALSE,NA,FALSE,NA
"Functional_module_406",1,1,TRUE,"LCMT1",FALSE,NA,FALSE,NA
"Functional_module_407",1,1,TRUE,"LCN2",FALSE,NA,FALSE,NA
"Functional_module_408",2,1,TRUE,"LGALS3/TIGIT",FALSE,NA,FALSE,NA
"Functional_module_409",1,1,TRUE,"LINGO1",FALSE,NA,FALSE,NA
"Functional_module_41",1,1,TRUE,"ARAP1",FALSE,NA,FALSE,NA
"Functional_module_410",1,1,TRUE,"LMBRD1",FALSE,NA,FALSE,NA
"Functional_module_411",1,1,TRUE,"LOC701920",FALSE,NA,FALSE,NA
"Functional_module_412",1,1,TRUE,"LOC715607",FALSE,NA,FALSE,NA
"Functional_module_413",1,1,TRUE,"LRRC1",FALSE,NA,FALSE,NA
"Functional_module_414",1,1,TRUE,"LRRC20",FALSE,NA,FALSE,NA
"Functional_module_415",1,1,TRUE,"LRRC27",FALSE,NA,FALSE,NA
"Functional_module_416",1,1,TRUE,"LRRC28",FALSE,NA,FALSE,NA
"Functional_module_417",1,1,TRUE,"LRRC61",FALSE,NA,FALSE,NA
"Functional_module_418",1,1,TRUE,"LST1",FALSE,NA,FALSE,NA
"Functional_module_419",1,1,TRUE,"LXN",FALSE,NA,FALSE,NA
"Functional_module_42",1,1,TRUE,"ARF3",FALSE,NA,FALSE,NA
"Functional_module_420",1,1,TRUE,"LYST",FALSE,NA,FALSE,NA
"Functional_module_421",1,1,TRUE,"Mamu-DPB",FALSE,NA,FALSE,NA
"Functional_module_422",3,1,TRUE,"MAN1A1/MAN1B1/MAN1C1",FALSE,NA,FALSE,NA
"Functional_module_423",1,1,TRUE,"MAN2B2",FALSE,NA,FALSE,NA
"Functional_module_424",1,1,TRUE,"MAPK8IP2",FALSE,NA,FALSE,NA
"Functional_module_425",1,1,TRUE,"MARCHF2",FALSE,NA,FALSE,NA
"Functional_module_426",1,1,TRUE,"MBD3",FALSE,NA,FALSE,NA
"Functional_module_427",1,1,TRUE,"MCRIP2",FALSE,NA,FALSE,NA
"Functional_module_428",1,1,TRUE,"MEIS3",FALSE,NA,FALSE,NA
"Functional_module_429",1,1,TRUE,"MICAL2",FALSE,NA,FALSE,NA
"Functional_module_43",1,1,TRUE,"ARFGAP1",FALSE,NA,FALSE,NA
"Functional_module_430",1,1,TRUE,"MICOS13",FALSE,NA,FALSE,NA
"Functional_module_431",1,1,TRUE,"MINDY3",FALSE,NA,FALSE,NA
"Functional_module_432",1,1,TRUE,"MMAB",FALSE,NA,FALSE,NA
"Functional_module_433",1,1,TRUE,"MMRN2",FALSE,NA,FALSE,NA
"Functional_module_434",1,1,TRUE,"MOK",FALSE,NA,FALSE,NA
"Functional_module_435",1,1,TRUE,"MON1B",FALSE,NA,FALSE,NA
"Functional_module_436",1,1,TRUE,"MORN4",FALSE,NA,FALSE,NA
"Functional_module_437",1,1,TRUE,"MPG",FALSE,NA,FALSE,NA
"Functional_module_438",1,1,TRUE,"MPP1",FALSE,NA,FALSE,NA
"Functional_module_439",1,1,TRUE,"MPP2",FALSE,NA,FALSE,NA
"Functional_module_44",1,1,TRUE,"ARHGAP23",FALSE,NA,FALSE,NA
"Functional_module_440",1,1,TRUE,"MRGPRF",FALSE,NA,FALSE,NA
"Functional_module_441",1,1,TRUE,"MROH1",FALSE,NA,FALSE,NA
"Functional_module_442",1,1,TRUE,"MRPL17",FALSE,NA,FALSE,NA
"Functional_module_443",1,1,TRUE,"MRVI1",FALSE,NA,FALSE,NA
"Functional_module_444",1,1,TRUE,"MSRB2",FALSE,NA,FALSE,NA
"Functional_module_445",1,1,TRUE,"MST1R",FALSE,NA,FALSE,NA
"Functional_module_446",1,1,TRUE,"MTCH1",FALSE,NA,FALSE,NA
"Functional_module_447",1,1,TRUE,"MTCL1",FALSE,NA,FALSE,NA
"Functional_module_448",1,1,TRUE,"MTHFR",FALSE,NA,FALSE,NA
"Functional_module_449",1,1,TRUE,"MTSS2",FALSE,NA,FALSE,NA
"Functional_module_45",1,1,TRUE,"ARHGAP32",FALSE,NA,FALSE,NA
"Functional_module_450",1,1,TRUE,"MXD4",FALSE,NA,FALSE,NA
"Functional_module_451",1,1,TRUE,"MYL6B",FALSE,NA,FALSE,NA
"Functional_module_452",1,1,TRUE,"MYLK",FALSE,NA,FALSE,NA
"Functional_module_453",1,1,TRUE,"MYO10",FALSE,NA,FALSE,NA
"Functional_module_454",1,1,TRUE,"MYO5B",FALSE,NA,FALSE,NA
"Functional_module_455",1,1,TRUE,"MYRF",FALSE,NA,FALSE,NA
"Functional_module_456",1,1,TRUE,"NAAA",FALSE,NA,FALSE,NA
"Functional_module_457",1,1,TRUE,"NACC2",FALSE,NA,FALSE,NA
"Functional_module_458",1,1,TRUE,"NAT14",FALSE,NA,FALSE,NA
"Functional_module_459",1,1,TRUE,"NCK2",FALSE,NA,FALSE,NA
"Functional_module_46",1,1,TRUE,"ARL3",FALSE,NA,FALSE,NA
"Functional_module_460",1,1,TRUE,"NDFIP1",FALSE,NA,FALSE,NA
"Functional_module_461",1,1,TRUE,"NDRG2",FALSE,NA,FALSE,NA
"Functional_module_462",1,1,TRUE,"NDUFA4L2",FALSE,NA,FALSE,NA
"Functional_module_463",1,1,TRUE,"NENF",FALSE,NA,FALSE,NA
"Functional_module_464",1,1,TRUE,"NFS1",FALSE,NA,FALSE,NA
"Functional_module_465",1,1,TRUE,"NHSL1",FALSE,NA,FALSE,NA
"Functional_module_466",1,1,TRUE,"NINJ1",FALSE,NA,FALSE,NA
"Functional_module_467",1,1,TRUE,"NIPSNAP1",FALSE,NA,FALSE,NA
"Functional_module_468",1,1,TRUE,"NKG7",FALSE,NA,FALSE,NA
"Functional_module_469",1,1,TRUE,"NKIRAS1",FALSE,NA,FALSE,NA
"Functional_module_47",1,1,TRUE,"ARL6IP4",FALSE,NA,FALSE,NA
"Functional_module_470",1,1,TRUE,"NOL12",FALSE,NA,FALSE,NA
"Functional_module_471",1,1,TRUE,"NR2F1",FALSE,NA,FALSE,NA
"Functional_module_472",1,1,TRUE,"NR2F6",FALSE,NA,FALSE,NA
"Functional_module_473",1,1,TRUE,"NRG1",FALSE,NA,FALSE,NA
"Functional_module_474",1,1,TRUE,"NRXN2",FALSE,NA,FALSE,NA
"Functional_module_475",1,1,TRUE,"NRXN3",FALSE,NA,FALSE,NA
"Functional_module_476",1,1,TRUE,"NUAK1",FALSE,NA,FALSE,NA
"Functional_module_477",1,1,TRUE,"NUDT11",FALSE,NA,FALSE,NA
"Functional_module_478",1,1,TRUE,"NUDT18",FALSE,NA,FALSE,NA
"Functional_module_479",1,1,TRUE,"NUDT22",FALSE,NA,FALSE,NA
"Functional_module_48",1,1,TRUE,"ARPC1B",FALSE,NA,FALSE,NA
"Functional_module_480",1,1,TRUE,"NUMBL",FALSE,NA,FALSE,NA
"Functional_module_481",1,1,TRUE,"NXPH3",FALSE,NA,FALSE,NA
"Functional_module_482",1,1,TRUE,"OAS1",FALSE,NA,FALSE,NA
"Functional_module_483",1,1,TRUE,"OAZ1",FALSE,NA,FALSE,NA
"Functional_module_484",1,1,TRUE,"ODF2L",FALSE,NA,FALSE,NA
"Functional_module_485",1,1,TRUE,"OGFOD2",FALSE,NA,FALSE,NA
"Functional_module_486",1,1,TRUE,"OGFOD3",FALSE,NA,FALSE,NA
"Functional_module_487",1,1,TRUE,"OPHN1",FALSE,NA,FALSE,NA
"Functional_module_488",1,1,TRUE,"OSBP2",FALSE,NA,FALSE,NA
"Functional_module_489",1,1,TRUE,"OSBPL1A",FALSE,NA,FALSE,NA
"Functional_module_49",1,1,TRUE,"ARRB1",FALSE,NA,FALSE,NA
"Functional_module_490",1,1,TRUE,"OSGIN1",FALSE,NA,FALSE,NA
"Functional_module_491",1,1,TRUE,"P2RX4",FALSE,NA,FALSE,NA
"Functional_module_492",1,1,TRUE,"P2RY2",FALSE,NA,FALSE,NA
"Functional_module_493",1,1,TRUE,"P2RY6",FALSE,NA,FALSE,NA
"Functional_module_494",1,1,TRUE,"P4HB",FALSE,NA,FALSE,NA
"Functional_module_495",1,1,TRUE,"PACS2",FALSE,NA,FALSE,NA
"Functional_module_496",1,1,TRUE,"PALM",FALSE,NA,FALSE,NA
"Functional_module_497",1,1,TRUE,"PARP3",FALSE,NA,FALSE,NA
"Functional_module_498",1,1,TRUE,"PCDHB10",FALSE,NA,FALSE,NA
"Functional_module_499",1,1,TRUE,"PCDHB3",FALSE,NA,FALSE,NA
"Functional_module_5",1,1,TRUE,"ABI3",FALSE,NA,FALSE,NA
"Functional_module_50",1,1,TRUE,"ARSG",FALSE,NA,FALSE,NA
"Functional_module_500",1,1,TRUE,"PCDHB6",FALSE,NA,FALSE,NA
"Functional_module_501",1,1,TRUE,"PCDHB7",FALSE,NA,FALSE,NA
"Functional_module_502",1,1,TRUE,"PCDHB8",FALSE,NA,FALSE,NA
"Functional_module_503",1,1,TRUE,"PCTP",FALSE,NA,FALSE,NA
"Functional_module_504",1,1,TRUE,"PDCD6",FALSE,NA,FALSE,NA
"Functional_module_505",1,1,TRUE,"PDE4A",FALSE,NA,FALSE,NA
"Functional_module_506",1,1,TRUE,"PDGFA",FALSE,NA,FALSE,NA
"Functional_module_507",1,1,TRUE,"PDK2",FALSE,NA,FALSE,NA
"Functional_module_508",1,1,TRUE,"PDLIM2",FALSE,NA,FALSE,NA
"Functional_module_509",1,1,TRUE,"PELI3",FALSE,NA,FALSE,NA
"Functional_module_51",1,1,TRUE,"ASF1A",FALSE,NA,FALSE,NA
"Functional_module_510",1,1,TRUE,"PHF3",FALSE,NA,FALSE,NA
"Functional_module_511",1,1,TRUE,"PHPT1",FALSE,NA,FALSE,NA
"Functional_module_512",1,1,TRUE,"PI4K2A",FALSE,NA,FALSE,NA
"Functional_module_513",1,1,TRUE,"PICK1",FALSE,NA,FALSE,NA
"Functional_module_514",1,1,TRUE,"PID1",FALSE,NA,FALSE,NA
"Functional_module_515",1,1,TRUE,"PIM1",FALSE,NA,FALSE,NA
"Functional_module_516",1,1,TRUE,"PIR",FALSE,NA,FALSE,NA
"Functional_module_517",1,1,TRUE,"PITPNM3",FALSE,NA,FALSE,NA
"Functional_module_518",1,1,TRUE,"PKLR",FALSE,NA,FALSE,NA
"Functional_module_519",1,1,TRUE,"PKP4",FALSE,NA,FALSE,NA
"Functional_module_52",1,1,TRUE,"ATCAY",FALSE,NA,FALSE,NA
"Functional_module_520",1,1,TRUE,"PLAAT4",FALSE,NA,FALSE,NA
"Functional_module_521",1,1,TRUE,"PLEKHA6",FALSE,NA,FALSE,NA
"Functional_module_522",1,1,TRUE,"PLEKHG3",FALSE,NA,FALSE,NA
"Functional_module_523",1,1,TRUE,"PLXNA4",FALSE,NA,FALSE,NA
"Functional_module_524",1,1,TRUE,"PNP",FALSE,NA,FALSE,NA
"Functional_module_525",1,1,TRUE,"POLD4",FALSE,NA,FALSE,NA
"Functional_module_526",1,1,TRUE,"POLDIP2",FALSE,NA,FALSE,NA
"Functional_module_527",1,1,TRUE,"POLE4",FALSE,NA,FALSE,NA
"Functional_module_528",1,1,TRUE,"POP7",FALSE,NA,FALSE,NA
"Functional_module_529",1,1,TRUE,"PPARG",FALSE,NA,FALSE,NA
"Functional_module_53",1,1,TRUE,"ATG12",FALSE,NA,FALSE,NA
"Functional_module_530",1,1,TRUE,"PPM1J",FALSE,NA,FALSE,NA
"Functional_module_531",1,1,TRUE,"PPM1L",FALSE,NA,FALSE,NA
"Functional_module_532",1,1,TRUE,"PPP1R14A",FALSE,NA,FALSE,NA
"Functional_module_533",1,1,TRUE,"PRADC1",FALSE,NA,FALSE,NA
"Functional_module_534",2,1,TRUE,"PRELID1/SLMO1",FALSE,NA,FALSE,NA
"Functional_module_535",1,1,TRUE,"PREX1",FALSE,NA,FALSE,NA
"Functional_module_536",1,1,TRUE,"PRICKLE1",FALSE,NA,FALSE,NA
"Functional_module_537",1,1,TRUE,"PRKAR1B",FALSE,NA,FALSE,NA
"Functional_module_538",1,1,TRUE,"PRKCZ",FALSE,NA,FALSE,NA
"Functional_module_539",1,1,TRUE,"PRRG1",FALSE,NA,FALSE,NA
"Functional_module_54",1,1,TRUE,"ATOX1",FALSE,NA,FALSE,NA
"Functional_module_540",1,1,TRUE,"PRUNE2",FALSE,NA,FALSE,NA
"Functional_module_541",1,1,TRUE,"PSME2",FALSE,NA,FALSE,NA
"Functional_module_542",1,1,TRUE,"PSMF1",FALSE,NA,FALSE,NA
"Functional_module_543",1,1,TRUE,"PTCHD1",FALSE,NA,FALSE,NA
"Functional_module_544",1,1,TRUE,"PTGER1",FALSE,NA,FALSE,NA
"Functional_module_545",1,1,TRUE,"PTGER2",FALSE,NA,FALSE,NA
"Functional_module_546",1,1,TRUE,"PTGR2",FALSE,NA,FALSE,NA
"Functional_module_547",1,1,TRUE,"PTPA",FALSE,NA,FALSE,NA
"Functional_module_548",1,1,TRUE,"PTPN18",FALSE,NA,FALSE,NA
"Functional_module_549",1,1,TRUE,"PTPRH",FALSE,NA,FALSE,NA
"Functional_module_55",1,1,TRUE,"ATP1B1",FALSE,NA,FALSE,NA
"Functional_module_550",1,1,TRUE,"PTRH1",FALSE,NA,FALSE,NA
"Functional_module_551",1,1,TRUE,"PYCARD",FALSE,NA,FALSE,NA
"Functional_module_552",1,1,TRUE,"RAB11FIP5",FALSE,NA,FALSE,NA
"Functional_module_553",1,1,TRUE,"RAB26",FALSE,NA,FALSE,NA
"Functional_module_554",1,1,TRUE,"RAB27B",FALSE,NA,FALSE,NA
"Functional_module_555",1,1,TRUE,"RAB37",FALSE,NA,FALSE,NA
"Functional_module_556",1,1,TRUE,"RABAC1",FALSE,NA,FALSE,NA
"Functional_module_557",1,1,TRUE,"RABEPK",FALSE,NA,FALSE,NA
"Functional_module_558",1,1,TRUE,"RAP2A",FALSE,NA,FALSE,NA
"Functional_module_559",1,1,TRUE,"RFFL",FALSE,NA,FALSE,NA
"Functional_module_56",1,1,TRUE,"ATP5MPL",FALSE,NA,FALSE,NA
"Functional_module_560",1,1,TRUE,"RGS17",FALSE,NA,FALSE,NA
"Functional_module_561",1,1,TRUE,"RNF103",FALSE,NA,FALSE,NA
"Functional_module_562",1,1,TRUE,"RNF13",FALSE,NA,FALSE,NA
"Functional_module_563",1,1,TRUE,"RNF130",FALSE,NA,FALSE,NA
"Functional_module_564",1,1,TRUE,"RNF181",FALSE,NA,FALSE,NA
"Functional_module_565",1,1,TRUE,"RNF19B",FALSE,NA,FALSE,NA
"Functional_module_566",1,1,TRUE,"RNF213",FALSE,NA,FALSE,NA
"Functional_module_567",1,1,TRUE,"RNF26",FALSE,NA,FALSE,NA
"Functional_module_568",1,1,TRUE,"ROGDI",FALSE,NA,FALSE,NA
"Functional_module_569",1,1,TRUE,"RPP21",FALSE,NA,FALSE,NA
"Functional_module_57",4,1,TRUE,"ATP6V0A1/ATP6V0D1/ATP6V0D2/MEAK7",FALSE,NA,FALSE,NA
"Functional_module_570",1,1,TRUE,"RRAGD",FALSE,NA,FALSE,NA
"Functional_module_571",1,1,TRUE,"RSPO1",FALSE,NA,FALSE,NA
"Functional_module_572",1,1,TRUE,"RSPO2",FALSE,NA,FALSE,NA
"Functional_module_573",1,1,TRUE,"RTN4RL1",FALSE,NA,FALSE,NA
"Functional_module_574",1,1,TRUE,"RUFY4",FALSE,NA,FALSE,NA
"Functional_module_575",1,1,TRUE,"RUNDC1",FALSE,NA,FALSE,NA
"Functional_module_576",1,1,TRUE,"RYR3",FALSE,NA,FALSE,NA
"Functional_module_577",1,1,TRUE,"S100A2",FALSE,NA,FALSE,NA
"Functional_module_578",1,1,TRUE,"SCAMP1",FALSE,NA,FALSE,NA
"Functional_module_579",1,1,TRUE,"SCUBE1",FALSE,NA,FALSE,NA
"Functional_module_58",1,1,TRUE,"ATP8B1",FALSE,NA,FALSE,NA
"Functional_module_580",1,1,TRUE,"SDC1",FALSE,NA,FALSE,NA
"Functional_module_581",1,1,TRUE,"SDC3",FALSE,NA,FALSE,NA
"Functional_module_582",1,1,TRUE,"SDF4",FALSE,NA,FALSE,NA
"Functional_module_583",1,1,TRUE,"SDHA",FALSE,NA,FALSE,NA
"Functional_module_584",1,1,TRUE,"SEC11C",FALSE,NA,FALSE,NA
"Functional_module_585",2,1,TRUE,"SEC61G/TMEM258",FALSE,NA,FALSE,NA
"Functional_module_586",1,1,TRUE,"SELENOM",FALSE,NA,FALSE,NA
"Functional_module_587",1,1,TRUE,"SEMA3A",FALSE,NA,FALSE,NA
"Functional_module_588",1,1,TRUE,"SEMA4C",FALSE,NA,FALSE,NA
"Functional_module_589",1,1,TRUE,"SEMA4F",FALSE,NA,FALSE,NA
"Functional_module_59",1,1,TRUE,"ATPSCKMT",FALSE,NA,FALSE,NA
"Functional_module_590",1,1,TRUE,"SEMA7A",FALSE,NA,FALSE,NA
"Functional_module_591",1,1,TRUE,"SERPINA6",FALSE,NA,FALSE,NA
"Functional_module_592",1,1,TRUE,"SFRP2",FALSE,NA,FALSE,NA
"Functional_module_593",1,1,TRUE,"SFXN3",FALSE,NA,FALSE,NA
"Functional_module_594",1,1,TRUE,"SHFL",FALSE,NA,FALSE,NA
"Functional_module_595",1,1,TRUE,"SHMT1",FALSE,NA,FALSE,NA
"Functional_module_596",1,1,TRUE,"SHROOM3",FALSE,NA,FALSE,NA
"Functional_module_597",1,1,TRUE,"SIGLEC6",FALSE,NA,FALSE,NA
"Functional_module_598",1,1,TRUE,"SLAMF7",FALSE,NA,FALSE,NA
"Functional_module_599",1,1,TRUE,"SLAMF8",FALSE,NA,FALSE,NA
"Functional_module_6",1,1,TRUE,"ABLIM2",FALSE,NA,FALSE,NA
"Functional_module_60",1,1,TRUE,"AXIN2",FALSE,NA,FALSE,NA
"Functional_module_600",1,1,TRUE,"SLC16A1",FALSE,NA,FALSE,NA
"Functional_module_601",1,1,TRUE,"SLC1A5",FALSE,NA,FALSE,NA
"Functional_module_602",1,1,TRUE,"SLC22A18",FALSE,NA,FALSE,NA
"Functional_module_603",1,1,TRUE,"SLC24A3",FALSE,NA,FALSE,NA
"Functional_module_604",1,1,TRUE,"SLC25A23",FALSE,NA,FALSE,NA
"Functional_module_605",1,1,TRUE,"SLC26A11",FALSE,NA,FALSE,NA
"Functional_module_606",1,1,TRUE,"SLC2A1",FALSE,NA,FALSE,NA
"Functional_module_607",1,1,TRUE,"SLC2A8",FALSE,NA,FALSE,NA
"Functional_module_608",1,1,TRUE,"SLC30A5",FALSE,NA,FALSE,NA
"Functional_module_609",1,1,TRUE,"SLC31A2",FALSE,NA,FALSE,NA
"Functional_module_61",1,1,TRUE,"AZGP1",FALSE,NA,FALSE,NA
"Functional_module_610",1,1,TRUE,"SLC35B3",FALSE,NA,FALSE,NA
"Functional_module_611",1,1,TRUE,"SLC35D2",FALSE,NA,FALSE,NA
"Functional_module_612",1,1,TRUE,"SLC35E4",FALSE,NA,FALSE,NA
"Functional_module_613",1,1,TRUE,"SLC37A1",FALSE,NA,FALSE,NA
"Functional_module_614",1,1,TRUE,"SLC39A3",FALSE,NA,FALSE,NA
"Functional_module_615",1,1,TRUE,"SLC40A1",FALSE,NA,FALSE,NA
"Functional_module_616",1,1,TRUE,"SLC43A1",FALSE,NA,FALSE,NA
"Functional_module_617",1,1,TRUE,"SLC46A1",FALSE,NA,FALSE,NA
"Functional_module_618",1,1,TRUE,"SLC47A1",FALSE,NA,FALSE,NA
"Functional_module_619",1,1,TRUE,"SLC48A1",FALSE,NA,FALSE,NA
"Functional_module_62",1,1,TRUE,"B3GNT8",FALSE,NA,FALSE,NA
"Functional_module_620",1,1,TRUE,"SLC4A10",FALSE,NA,FALSE,NA
"Functional_module_621",1,1,TRUE,"SLC4A4",FALSE,NA,FALSE,NA
"Functional_module_622",1,1,TRUE,"SLC50A1",FALSE,NA,FALSE,NA
"Functional_module_623",1,1,TRUE,"SLC6A8",FALSE,NA,FALSE,NA
"Functional_module_624",1,1,TRUE,"SLC7A8",FALSE,NA,FALSE,NA
"Functional_module_625",1,1,TRUE,"SLC9A5",FALSE,NA,FALSE,NA
"Functional_module_626",1,1,TRUE,"SLCO4A1",FALSE,NA,FALSE,NA
"Functional_module_627",1,1,TRUE,"SLCO4C1",FALSE,NA,FALSE,NA
"Functional_module_628",1,1,TRUE,"SNCB",FALSE,NA,FALSE,NA
"Functional_module_629",1,1,TRUE,"SNPH",FALSE,NA,FALSE,NA
"Functional_module_63",2,1,TRUE,"B4GALT4/ST3GAL4",FALSE,NA,FALSE,NA
"Functional_module_630",1,1,TRUE,"SNTB1",FALSE,NA,FALSE,NA
"Functional_module_631",1,1,TRUE,"SOD2",FALSE,NA,FALSE,NA
"Functional_module_632",1,1,TRUE,"SORBS1",FALSE,NA,FALSE,NA
"Functional_module_633",1,1,TRUE,"SORBS2",FALSE,NA,FALSE,NA
"Functional_module_634",1,1,TRUE,"SORCS2",FALSE,NA,FALSE,NA
"Functional_module_635",1,1,TRUE,"SOWAHD",FALSE,NA,FALSE,NA
"Functional_module_636",1,1,TRUE,"SPEN",FALSE,NA,FALSE,NA
"Functional_module_637",1,1,TRUE,"SPICE1",FALSE,NA,FALSE,NA
"Functional_module_638",1,1,TRUE,"SPON1",FALSE,NA,FALSE,NA
"Functional_module_639",1,1,TRUE,"SPP1",FALSE,NA,FALSE,NA
"Functional_module_64",1,1,TRUE,"B4GALT7",FALSE,NA,FALSE,NA
"Functional_module_640",1,1,TRUE,"SPRYD3",FALSE,NA,FALSE,NA
"Functional_module_641",1,1,TRUE,"SQOR",FALSE,NA,FALSE,NA
"Functional_module_642",1,1,TRUE,"SRXN1",FALSE,NA,FALSE,NA
"Functional_module_643",1,1,TRUE,"SSBP4",FALSE,NA,FALSE,NA
"Functional_module_644",1,1,TRUE,"SSNA1",FALSE,NA,FALSE,NA
"Functional_module_645",1,1,TRUE,"SSU72",FALSE,NA,FALSE,NA
"Functional_module_646",1,1,TRUE,"ST6GALNAC6",FALSE,NA,FALSE,NA
"Functional_module_647",1,1,TRUE,"STAP2",FALSE,NA,FALSE,NA
"Functional_module_648",1,1,TRUE,"STARD3NL",FALSE,NA,FALSE,NA
"Functional_module_649",1,1,TRUE,"STK25",FALSE,NA,FALSE,NA
"Functional_module_65",1,1,TRUE,"BATF",FALSE,NA,FALSE,NA
"Functional_module_650",1,1,TRUE,"STX11",FALSE,NA,FALSE,NA
"Functional_module_651",1,1,TRUE,"STX8",FALSE,NA,FALSE,NA
"Functional_module_652",1,1,TRUE,"STXBP1",FALSE,NA,FALSE,NA
"Functional_module_653",1,1,TRUE,"SUMO3",FALSE,NA,FALSE,NA
"Functional_module_654",1,1,TRUE,"SUSD2",FALSE,NA,FALSE,NA
"Functional_module_655",1,1,TRUE,"SYDE1",FALSE,NA,FALSE,NA
"Functional_module_656",1,1,TRUE,"SYNDIG1",FALSE,NA,FALSE,NA
"Functional_module_657",1,1,TRUE,"SYT11",FALSE,NA,FALSE,NA
"Functional_module_658",1,1,TRUE,"SYTL2",FALSE,NA,FALSE,NA
"Functional_module_659",1,1,TRUE,"SYTL3",FALSE,NA,FALSE,NA
"Functional_module_66",1,1,TRUE,"BATF2",FALSE,NA,FALSE,NA
"Functional_module_660",3,1,TRUE,"TAB1/TNFRSF1B/TNFRSF21",FALSE,NA,FALSE,NA
"Functional_module_661",1,1,TRUE,"TACO1",FALSE,NA,FALSE,NA
"Functional_module_662",1,1,TRUE,"TANGO2",FALSE,NA,FALSE,NA
"Functional_module_663",1,1,TRUE,"TAP1",FALSE,NA,FALSE,NA
"Functional_module_664",1,1,TRUE,"TATDN3",FALSE,NA,FALSE,NA
"Functional_module_665",1,1,TRUE,"TBC1D13",FALSE,NA,FALSE,NA
"Functional_module_666",1,1,TRUE,"TBC1D30",FALSE,NA,FALSE,NA
"Functional_module_667",1,1,TRUE,"TBCB",FALSE,NA,FALSE,NA
"Functional_module_668",1,1,TRUE,"TC2N",FALSE,NA,FALSE,NA
"Functional_module_669",1,1,TRUE,"TCAF1",FALSE,NA,FALSE,NA
"Functional_module_67",1,1,TRUE,"BBS2",FALSE,NA,FALSE,NA
"Functional_module_670",1,1,TRUE,"TCF25",FALSE,NA,FALSE,NA
"Functional_module_671",1,1,TRUE,"TCTA",FALSE,NA,FALSE,NA
"Functional_module_672",1,1,TRUE,"TDRKH",FALSE,NA,FALSE,NA
"Functional_module_673",1,1,TRUE,"TEX2",FALSE,NA,FALSE,NA
"Functional_module_674",1,1,TRUE,"THEM6",FALSE,NA,FALSE,NA
"Functional_module_675",1,1,TRUE,"THNSL2",FALSE,NA,FALSE,NA
"Functional_module_676",1,1,TRUE,"THSD1",FALSE,NA,FALSE,NA
"Functional_module_677",1,1,TRUE,"THTPA",FALSE,NA,FALSE,NA
"Functional_module_678",1,1,TRUE,"TIGD5",FALSE,NA,FALSE,NA
"Functional_module_679",1,1,TRUE,"TM9SF3",FALSE,NA,FALSE,NA
"Functional_module_68",1,1,TRUE,"BCAP31",FALSE,NA,FALSE,NA
"Functional_module_680",1,1,TRUE,"TMBIM1",FALSE,NA,FALSE,NA
"Functional_module_681",1,1,TRUE,"TMED9",FALSE,NA,FALSE,NA
"Functional_module_682",1,1,TRUE,"TMEFF2",FALSE,NA,FALSE,NA
"Functional_module_683",1,1,TRUE,"TMEM101",FALSE,NA,FALSE,NA
"Functional_module_684",1,1,TRUE,"TMEM108",FALSE,NA,FALSE,NA
"Functional_module_685",1,1,TRUE,"TMEM121",FALSE,NA,FALSE,NA
"Functional_module_686",1,1,TRUE,"TMEM132C",FALSE,NA,FALSE,NA
"Functional_module_687",1,1,TRUE,"TMEM171",FALSE,NA,FALSE,NA
"Functional_module_688",1,1,TRUE,"TMEM203",FALSE,NA,FALSE,NA
"Functional_module_689",1,1,TRUE,"TMEM219",FALSE,NA,FALSE,NA
"Functional_module_69",14,1,TRUE,"BCL2L1/CDKN2B/EIF4EBP1/ESR1/GRB14/HRAS/MAGI1/MAGI3/MRAS/PDPK1/PPP2R2B/RALB/RAPGEF2/RGL1",FALSE,NA,FALSE,NA
"Functional_module_690",1,1,TRUE,"TMEM222",FALSE,NA,FALSE,NA
"Functional_module_691",1,1,TRUE,"TMEM229B",FALSE,NA,FALSE,NA
"Functional_module_692",1,1,TRUE,"TMEM246",FALSE,NA,FALSE,NA
"Functional_module_693",1,1,TRUE,"TMEM250",FALSE,NA,FALSE,NA
"Functional_module_694",1,1,TRUE,"TMEM255A",FALSE,NA,FALSE,NA
"Functional_module_695",1,1,TRUE,"TMEM51",FALSE,NA,FALSE,NA
"Functional_module_696",1,1,TRUE,"TMEM80",FALSE,NA,FALSE,NA
"Functional_module_697",1,1,TRUE,"TMEM94",FALSE,NA,FALSE,NA
"Functional_module_698",1,1,TRUE,"TMEM98",FALSE,NA,FALSE,NA
"Functional_module_699",1,1,TRUE,"TMEM9B",FALSE,NA,FALSE,NA
"Functional_module_7",1,1,TRUE,"ABLIM3",FALSE,NA,FALSE,NA
"Functional_module_70",1,1,TRUE,"BCL2L13",FALSE,NA,FALSE,NA
"Functional_module_700",1,1,TRUE,"TMIGD3",FALSE,NA,FALSE,NA
"Functional_module_701",1,1,TRUE,"TMUB1",FALSE,NA,FALSE,NA
"Functional_module_702",1,1,TRUE,"TMUB2",FALSE,NA,FALSE,NA
"Functional_module_703",1,1,TRUE,"TNFSF12",FALSE,NA,FALSE,NA
"Functional_module_704",1,1,TRUE,"TNNI2",FALSE,NA,FALSE,NA
"Functional_module_705",1,1,TRUE,"TOLLIP",FALSE,NA,FALSE,NA
"Functional_module_706",1,1,TRUE,"TOM1",FALSE,NA,FALSE,NA
"Functional_module_707",1,1,TRUE,"TOR2A",FALSE,NA,FALSE,NA
"Functional_module_708",1,1,TRUE,"TPBGL",FALSE,NA,FALSE,NA
"Functional_module_709",1,1,TRUE,"TPM3",FALSE,NA,FALSE,NA
"Functional_module_71",1,1,TRUE,"BCL2L14",FALSE,NA,FALSE,NA
"Functional_module_710",1,1,TRUE,"TRAF3IP1",FALSE,NA,FALSE,NA
"Functional_module_711",1,1,TRUE,"TRAK2",FALSE,NA,FALSE,NA
"Functional_module_712",1,1,TRUE,"TRAPPC1",FALSE,NA,FALSE,NA
"Functional_module_713",1,1,TRUE,"TRAPPC3",FALSE,NA,FALSE,NA
"Functional_module_714",1,1,TRUE,"TRHDE",FALSE,NA,FALSE,NA
"Functional_module_715",1,1,TRUE,"TRIAP1",FALSE,NA,FALSE,NA
"Functional_module_716",1,1,TRUE,"TRIL",FALSE,NA,FALSE,NA
"Functional_module_717",1,1,TRUE,"TRIM35",FALSE,NA,FALSE,NA
"Functional_module_718",1,1,TRUE,"TRPM2",FALSE,NA,FALSE,NA
"Functional_module_719",1,1,TRUE,"TRUB1",FALSE,NA,FALSE,NA
"Functional_module_72",1,1,TRUE,"BCL7B",FALSE,NA,FALSE,NA
"Functional_module_720",1,1,TRUE,"TSPAN17",FALSE,NA,FALSE,NA
"Functional_module_721",1,1,TRUE,"TSPAN2",FALSE,NA,FALSE,NA
"Functional_module_722",1,1,TRUE,"TSTA3",FALSE,NA,FALSE,NA
"Functional_module_723",1,1,TRUE,"TTC1",FALSE,NA,FALSE,NA
"Functional_module_724",1,1,TRUE,"TTC23",FALSE,NA,FALSE,NA
"Functional_module_725",1,1,TRUE,"TTC7B",FALSE,NA,FALSE,NA
"Functional_module_726",1,1,TRUE,"TTLL1",FALSE,NA,FALSE,NA
"Functional_module_727",1,1,TRUE,"TTR",FALSE,NA,FALSE,NA
"Functional_module_728",1,1,TRUE,"TUBA8",FALSE,NA,FALSE,NA
"Functional_module_729",1,1,TRUE,"TUBGCP2",FALSE,NA,FALSE,NA
"Functional_module_73",7,1,TRUE,"BCL9/CCND1/CEACAM3/INA/MAPK12/NEFH/NEFM",FALSE,NA,FALSE,NA
"Functional_module_730",1,1,TRUE,"TYRO3",FALSE,NA,FALSE,NA
"Functional_module_731",1,1,TRUE,"UBA7",FALSE,NA,FALSE,NA
"Functional_module_732",1,1,TRUE,"UBASH3B",FALSE,NA,FALSE,NA
"Functional_module_733",1,1,TRUE,"UBE2E3",FALSE,NA,FALSE,NA
"Functional_module_734",1,1,TRUE,"UBE2L6",FALSE,NA,FALSE,NA
"Functional_module_735",1,1,TRUE,"UBL5",FALSE,NA,FALSE,NA
"Functional_module_736",1,1,TRUE,"UBXN6",FALSE,NA,FALSE,NA
"Functional_module_737",1,1,TRUE,"UCHL3",FALSE,NA,FALSE,NA
"Functional_module_738",1,1,TRUE,"UCK1",FALSE,NA,FALSE,NA
"Functional_module_739",1,1,TRUE,"UCN",FALSE,NA,FALSE,NA
"Functional_module_74",1,1,TRUE,"BCO2",FALSE,NA,FALSE,NA
"Functional_module_740",1,1,TRUE,"UGGT2",FALSE,NA,FALSE,NA
"Functional_module_741",1,1,TRUE,"UNC50",FALSE,NA,FALSE,NA
"Functional_module_742",1,1,TRUE,"URM1",FALSE,NA,FALSE,NA
"Functional_module_743",1,1,TRUE,"VAMP5",FALSE,NA,FALSE,NA
"Functional_module_744",1,1,TRUE,"VANGL1",FALSE,NA,FALSE,NA
"Functional_module_745",1,1,TRUE,"VASN",FALSE,NA,FALSE,NA
"Functional_module_746",1,1,TRUE,"VAT1",FALSE,NA,FALSE,NA
"Functional_module_747",1,1,TRUE,"VAT1L",FALSE,NA,FALSE,NA
"Functional_module_748",1,1,TRUE,"VNN1",FALSE,NA,FALSE,NA
"Functional_module_749",1,1,TRUE,"VOPP1",FALSE,NA,FALSE,NA
"Functional_module_75",1,1,TRUE,"BEX1",FALSE,NA,FALSE,NA
"Functional_module_750",1,1,TRUE,"VPS26B",FALSE,NA,FALSE,NA
"Functional_module_751",1,1,TRUE,"WARS",FALSE,NA,FALSE,NA
"Functional_module_752",1,1,TRUE,"WASF3",FALSE,NA,FALSE,NA
"Functional_module_753",1,1,TRUE,"WBP1",FALSE,NA,FALSE,NA
"Functional_module_754",1,1,TRUE,"WDR45",FALSE,NA,FALSE,NA
"Functional_module_755",1,1,TRUE,"WDR63",FALSE,NA,FALSE,NA
"Functional_module_756",1,1,TRUE,"WDR64",FALSE,NA,FALSE,NA
"Functional_module_757",1,1,TRUE,"WIPI1",FALSE,NA,FALSE,NA
"Functional_module_758",1,1,TRUE,"WNK2",FALSE,NA,FALSE,NA
"Functional_module_759",1,1,TRUE,"WRNIP1",FALSE,NA,FALSE,NA
"Functional_module_76",1,1,TRUE,"BLK",FALSE,NA,FALSE,NA
"Functional_module_760",1,1,TRUE,"YIF1A",FALSE,NA,FALSE,NA
"Functional_module_761",1,1,TRUE,"YIPF2",FALSE,NA,FALSE,NA
"Functional_module_762",1,1,TRUE,"YJEFN3",FALSE,NA,FALSE,NA
"Functional_module_763",1,1,TRUE,"YPEL3",FALSE,NA,FALSE,NA
"Functional_module_764",1,1,TRUE,"ZBP1",FALSE,NA,FALSE,NA
"Functional_module_765",1,1,TRUE,"ZBTB22",FALSE,NA,FALSE,NA
"Functional_module_766",1,1,TRUE,"ZBTB42",FALSE,NA,FALSE,NA
"Functional_module_767",1,1,TRUE,"ZBTB47",FALSE,NA,FALSE,NA
"Functional_module_768",1,1,TRUE,"ZDHHC24",FALSE,NA,FALSE,NA
"Functional_module_769",1,1,TRUE,"ZDHHC3",FALSE,NA,FALSE,NA
"Functional_module_77",1,1,TRUE,"BLVRB",FALSE,NA,FALSE,NA
"Functional_module_770",1,1,TRUE,"ZDHHC7",FALSE,NA,FALSE,NA
"Functional_module_771",1,1,TRUE,"ZFYVE21",FALSE,NA,FALSE,NA
"Functional_module_772",1,1,TRUE,"ZFYVE28",FALSE,NA,FALSE,NA
"Functional_module_773",1,1,TRUE,"ZKSCAN3",FALSE,NA,FALSE,NA
"Functional_module_774",1,1,TRUE,"ZMYND15",FALSE,NA,FALSE,NA
"Functional_module_775",1,1,TRUE,"ZNF133",FALSE,NA,FALSE,NA
"Functional_module_776",1,1,TRUE,"ZNF148",FALSE,NA,FALSE,NA
"Functional_module_777",1,1,TRUE,"ZNF469",FALSE,NA,FALSE,NA
"Functional_module_778",1,1,TRUE,"ZNF503",FALSE,NA,FALSE,NA
"Functional_module_779",1,1,TRUE,"ZNF71",FALSE,NA,FALSE,NA
"Functional_module_78",1,1,TRUE,"BOK",FALSE,NA,FALSE,NA
"Functional_module_780",1,1,TRUE,"ZNF746",FALSE,NA,FALSE,NA
"Functional_module_781",1,1,TRUE,"ZNF786",FALSE,NA,FALSE,NA
"Functional_module_782",1,1,TRUE,"ZNF804A",FALSE,NA,FALSE,NA
"Functional_module_783",1,1,TRUE,"ZSCAN30",FALSE,NA,FALSE,NA
"Functional_module_784",1,1,TRUE,"ZSWIM5",FALSE,NA,FALSE,NA
"Functional_module_785",10,1,FALSE,NA,FALSE,NA,TRUE,"GO:0001530/GO:0003018/GO:0005200/GO:0006091/GO:0008637/GO:0030145/GO:0046930/GO:0051260/GO:0070269/GO:0072593"
"Functional_module_786",6,1,FALSE,NA,FALSE,NA,TRUE,"GO:0001562/GO:0007584/GO:0014823/GO:0032354/GO:0071371/GO:0071372"
"Functional_module_787",2,1,FALSE,NA,FALSE,NA,TRUE,"GO:0001906/GO:0141061"
"Functional_module_788",14,1,FALSE,NA,FALSE,NA,TRUE,"GO:0002443/GO:0002449/GO:0002455/GO:0002523/GO:0006935/GO:0006959/GO:0016064/GO:0019724/GO:0030595/GO:0042330/GO:0050900/GO:0050919/GO:0097529/R-HSA-9664424"
"Functional_module_789",1,1,FALSE,NA,FALSE,NA,TRUE,"GO:0002526"
"Functional_module_79",1,1,TRUE,"BORCS6",FALSE,NA,FALSE,NA
"Functional_module_790",48,1,FALSE,NA,FALSE,NA,TRUE,"GO:0002532/GO:0002685/GO:0002920/GO:0007599/GO:0030193/GO:0030194/GO:0030195/GO:0030449/GO:0031400/GO:0032102/GO:0032602/GO:0032642/GO:0032722/GO:0034764/GO:0034767/GO:0035418/GO:0042060/GO:0043270/GO:0043410/GO:0043457/GO:0045088/GO:0045429/GO:0050729/GO:0050818/GO:0050820/GO:0050878/GO:0051346/GO:0051928/GO:0061041/GO:0061045/GO:0072659/GO:0090303/GO:0097191/GO:1900046/GO:1900047/GO:1900048/GO:1902683/GO:1903034/GO:1903035/GO:1903036/GO:1904375/GO:1905475/GO:1990778/GO:2001233/GO:2001234/GO:2001236/GO:2001237/R-HSA-9660826"
"Functional_module_791",1,1,FALSE,NA,FALSE,NA,TRUE,"GO:0002536"
"Functional_module_792",1,1,FALSE,NA,FALSE,NA,TRUE,"GO:0002679"
"Functional_module_793",21,1,FALSE,NA,FALSE,NA,TRUE,"GO:0003779/GO:0005604/GO:0005884/GO:0005938/GO:0009898/GO:0009925/GO:0014069/GO:0016323/GO:0030863/GO:0030864/GO:0032279/GO:0043197/GO:0043198/GO:0044309/GO:0045178/GO:0097060/GO:0098562/GO:0098839/GO:0098984/GO:0099571/GO:0150034"
"Functional_module_794",55,1,FALSE,NA,FALSE,NA,TRUE,"GO:0004620/GO:0005996/GO:0006090/GO:0006163/GO:0006575/GO:0006650/GO:0006730/GO:0006734/GO:0006739/GO:0006740/GO:0006760/GO:0006766/GO:0006778/GO:0008645/GO:0009062/GO:0009135/GO:0009179/GO:0015749/GO:0016042/GO:0016052/GO:0016054/GO:0016646/GO:0019362/GO:0033013/GO:0042168/GO:0042176/GO:0042440/GO:0042558/GO:0043603/GO:0043648/GO:0043649/GO:0044248/GO:0044282/GO:0045017/GO:0046395/GO:0046434/GO:0046496/GO:0046653/GO:0046710/GO:0046906/GO:0048029/GO:0050661/GO:0072329/GO:0072523/GO:0072524/GO:0072526/GO:1901136/GO:1903825/GO:1904407/GO:1904659/GO:1905039/hsa01200/R-HSA-196757/R-HSA-196849/R-HSA-196854"
"Functional_module_795",6,1,FALSE,NA,FALSE,NA,TRUE,"GO:0004857/GO:0004866/GO:0030414/GO:0051336/GO:0061134/GO:0061135"
"Functional_module_796",32,1,FALSE,NA,FALSE,NA,TRUE,"GO:0005641/GO:0005765/GO:0005766/GO:0005770/GO:0005774/GO:0005788/GO:0030667/GO:0031089/GO:0031091/GO:0031093/GO:0031902/GO:0031907/GO:0031983/GO:0034774/GO:0035577/GO:0035578/GO:0035579/GO:0042581/GO:0042582/GO:0042827/GO:0060205/GO:0070820/GO:0071682/GO:0098791/GO:0098852/GO:0101002/GO:1904724/GO:1904813/R-HSA-114608/R-HSA-6798695/R-HSA-76002/R-HSA-76005"
"Functional_module_797",5,1,FALSE,NA,FALSE,NA,TRUE,"GO:0005802/GO:0030133/GO:0030139/GO:0030140/GO:0070382"
"Functional_module_798",1,1,FALSE,NA,FALSE,NA,TRUE,"GO:0005833"
"Functional_module_799",3,1,FALSE,NA,FALSE,NA,TRUE,"GO:0006635/GO:0019395/GO:0034440"
"Functional_module_8",1,1,TRUE,"ABRACL",FALSE,NA,FALSE,NA
"Functional_module_80",1,1,TRUE,"BPGM",FALSE,NA,FALSE,NA
"Functional_module_800",3,1,FALSE,NA,FALSE,NA,TRUE,"GO:0006749/hsa00480/R-HSA-174403"
"Functional_module_801",6,1,FALSE,NA,FALSE,NA,TRUE,"GO:0006879/GO:0034101/GO:0048821/GO:0055078/GO:0060586/GO:0140962"
"Functional_module_802",1,1,FALSE,NA,FALSE,NA,TRUE,"GO:0006953"
"Functional_module_803",6,1,FALSE,NA,FALSE,NA,TRUE,"GO:0006956/GO:0006957/GO:0006958/hsa04610/R-HSA-166658/R-HSA-977606"
"Functional_module_804",4,1,FALSE,NA,FALSE,NA,TRUE,"GO:0007034/GO:0015669/GO:0015711/GO:0098739"
"Functional_module_805",3,1,FALSE,NA,FALSE,NA,TRUE,"GO:0007596/GO:0050817/R-HSA-140877"
"Functional_module_806",1,1,FALSE,NA,FALSE,NA,TRUE,"GO:0015671"
"Functional_module_807",1,1,FALSE,NA,FALSE,NA,TRUE,"GO:0016298"
"Functional_module_808",2,1,FALSE,NA,FALSE,NA,TRUE,"GO:0030121/GO:0030135"
"Functional_module_809",1,1,FALSE,NA,FALSE,NA,TRUE,"GO:0030136"
"Functional_module_81",1,1,TRUE,"BPTF",FALSE,NA,FALSE,NA
"Functional_module_810",2,1,FALSE,NA,FALSE,NA,TRUE,"GO:0031640/GO:0141060"
"Functional_module_811",1,1,FALSE,NA,FALSE,NA,TRUE,"GO:0031838"
"Functional_module_812",1,1,FALSE,NA,FALSE,NA,TRUE,"GO:0042742"
"Functional_module_813",1,1,FALSE,NA,FALSE,NA,TRUE,"GO:0042832"
"Functional_module_814",1,1,FALSE,NA,FALSE,NA,TRUE,"GO:0043473"
"Functional_module_815",1,1,FALSE,NA,FALSE,NA,TRUE,"GO:0062023"
"Functional_module_816",2,1,FALSE,NA,FALSE,NA,TRUE,"hsa04216/hsa05230"
"Functional_module_817",1,1,FALSE,NA,FALSE,NA,TRUE,"R-HSA-1237044"
"Functional_module_818",1,1,FALSE,NA,FALSE,NA,TRUE,"R-HSA-1480926"
"Functional_module_82",1,1,TRUE,"BRMS1",FALSE,NA,FALSE,NA
"Functional_module_83",1,1,FALSE,NA,TRUE,"C00167",FALSE,NA
"Functional_module_84",13,2,TRUE,"CCL3/CCL5/CCR1/CXCR3/FPR1/GPR37/GPR55/NMUR1/OXER1/S1PR5",TRUE,"C00208/C03514/C07666",FALSE,NA
"Functional_module_85",1,1,FALSE,NA,TRUE,"C00250",FALSE,NA
"Functional_module_86",1,1,FALSE,NA,TRUE,"C00378",FALSE,NA
"Functional_module_87",2,2,TRUE,"NAPRT",TRUE,"C00387",FALSE,NA
"Functional_module_88",2,2,TRUE,"CBR1",TRUE,"C00427",FALSE,NA
"Functional_module_89",1,1,FALSE,NA,TRUE,"C00597",FALSE,NA
"Functional_module_9",1,1,TRUE,"ABTB1",FALSE,NA,FALSE,NA
"Functional_module_90",2,2,TRUE,"PTS",TRUE,"C00639",FALSE,NA
"Functional_module_91",1,1,FALSE,NA,TRUE,"C00643",FALSE,NA
"Functional_module_92",7,2,TRUE,"GCLM/KEAP1/KLHL2/KLHL21/LAP3/RHOBTB2",TRUE,"C00669",FALSE,NA
"Functional_module_93",1,1,FALSE,NA,TRUE,"C00785",FALSE,NA
"Functional_module_94",1,1,FALSE,NA,TRUE,"C00847",FALSE,NA
"Functional_module_95",1,1,FALSE,NA,TRUE,"C00858",FALSE,NA
"Functional_module_96",1,1,FALSE,NA,TRUE,"C00898",FALSE,NA
"Functional_module_97",1,1,FALSE,NA,TRUE,"C00954",FALSE,NA
"Functional_module_98",1,1,FALSE,NA,TRUE,"C01159",FALSE,NA
"Functional_module_99",1,1,FALSE,NA,TRUE,"C01526",FALSE,NA
